id,dialogue_idx,turn,teacher_question,student_answer,kcs,llm_error_type,llm_explanation,human_error_type,agree_with_llm,notes
1,28,2,"Superb! Now, let's use that understanding. If angle A is \(90 - x\), what would be the complement of angle A? Keep in mind, the complement of an angle is \(90\) degrees minus the angle.",90 - 90-x,"Use facts about supplementary, complementary, vertical, and adjacent angles in a multi-step problem to write and solve simple equations for an unknown angle in a figure.",conceptual,"The student incorrectly applied the definition of a complement of an angle, which is to subtract the given angle from 90 degrees, not to subtract 90 degrees from the given angle.",conceptual,yes,
2,74,2,"Excellent! Now, let's find the value of \(x\). What's the initial step you would take to simplify this equation?",1/2x=5/2x+32,"Apply the properties of operations to generate equivalent expressions. For example, apply the distributive property to the expression 3 (2 + x) to produce the equivalent expression 6 + 3x; apply the d",procedural,"The student incorrectly applied the distributive property to the equation, resulting in an incorrect simplification.",procedural,yes,
3,110,3,"Exactly right! You've nailed it! \(\sin(a + b) = \sin(a)\cos(b) + \cos(a)\sin(b)\). This is the correct sum identity for sine. 

Now, let's try a problem. If \(a = \frac{\pi}{6}\) and \(b = \frac{\pi}",\(\sqrt{\frac{3}{2}}+\sqrt{\frac{2}{2}}+\frac{1}{2}+\sqrt{\frac{3}{2}}\),"Prove the addition and subtraction formulas for sine, cosine, and tangent and use them to solve problems.; Use units as a way to understand problems and to guide the solution of multi-step problems; c",procedural,The student incorrectly applied the sum identity for sine by not following the correct order of operations and not simplifying the expression.,calculation,yes,
4,110,4,"Hmm, it seems there might be a slight error in your calculation. Let's go through it step by step. 

Firstly, we know that \(\sin(\frac{\pi}{6}) = \frac{1}{2}\), \(\cos(\frac{\pi}{4}) = \frac{\sqrt{2}",can you clarify what you mean? do I substitute those values back into the equation or do I add them together,"Prove the addition and subtraction formulas for sine, cosine, and tangent and use them to solve problems.; Use units as a way to understand problems and to guide the solution of multi-step problems; c",procedural,"The student is unsure about the correct procedure to follow after substituting the given values into the sum identity for sine, indicating a misunderstanding of the procedural steps involved in applyi",procedural,yes,
5,110,5,"Sure, let's simplify it. 

We know that \(\sin(a + b) = \sin(a)\cos(b) + \cos(a)\sin(b)\). 

So, we substitute the values we know into this equation. That means wherever we see \(a\), we replace it wi",(1+2  \(\left(\sqrt{2}+\sqrt{3}\right)\),"Prove the addition and subtraction formulas for sine, cosine, and tangent and use them to solve problems.; Use units as a way to understand problems and to guide the solution of multi-step problems; c",procedural,"The student incorrectly combined the values in the equation, failing to properly apply the distributive property and resulting in an incorrect expression.",conceptual,yes,
6,79,2,"Excellent! Now, suppose we have an identity to validate, such as \(\tan^2(x) + 1 = \sec^2(x)\). What would be your first step?",make the left side equal to sec^2,"Prove the Pythagorean identity sin^(2)(θ) + cos^(2)(θ) = 1 and use it to find sin(θ), cos(θ),or tan(θ) given sin(θ), cos(θ), or tan(θ) and the quadrant of the angle.",conceptual,"The student failed to recognize that the given identity is an equation, not an equality to be established, and thus should not be'made equal' to a specific expression.",calculation,yes,
7,135,2,"Excellent! Now, let's apply that conversion ratio. Can you figure out the number of degrees in 4 radians?",4 times 180/pi,"Know relative sizes of measurement units within one system of units including km, m, cm; kg, g; lb, oz.; l, ml; hr, min, sec. Within a single system of measurement, express measurements in a larger un",procedural,The student correctly identified the conversion ratio but failed to apply it by not performing the multiplication.,careless,no,
8,149,1,"Okay, let's work through this trigonometric equation step by step! 

Firstly, can you recall the Pythagorean identity for cosine and sine?",yes sin^2x+cos^2x,"Prove the Pythagorean identity sin^(2)(θ) + cos^(2)(θ) = 1 and use it to find sin(θ), cos(θ),or tan(θ) given sin(θ), cos(θ), or tan(θ) and the quadrant of the angle.",conceptual,"The student incorrectly stated the Pythagorean identity as sin^2x + cos^2x instead of 1, which is a fundamental concept in trigonometry.",conceptual,yes,
9,15,2,"Alright, let's delve into the x-factor technique! It's an interesting method to factor quadratic equations like \(2x^2 - x - 6\). 

Step 1: We start by multiplying the coefficient of \(x^2\) (which is",can you demonstrate the x-factor technique (not explain)?,Choose and produce an equivalent form of an expression to reveal and explain properties of the quantity represented by the expression.,other,Failed to parse LLM response,procedural,yes,
10,15,3,"Sure, let's do it together! 

First, we multiply the coefficient of \(x^2\) (which is 2) with the constant term (which is -6). 

Can you do this multiplication for me?",I want you to demonstrate,"Interpret products of whole numbers, e.g., interpret 5 × 7 as the total number of objects in 5 groups of 7 objects each. For example, describe a context in which a total number of objects can be expre",careless,"The student's request to demonstrate is not an error in the mathematical process, but rather a request for a different presentation style.",calculation,yes,
11,15,4,"Alright! Let's do this together, step by step. 

First, we multiply the coefficient of \(x^2\) (which is 2) with the constant term (which is -6). 

What do you get when you multiply 2 and -6?","Please demonstrate the x-factor technique.  You are only explaining it, which is not helpful.  I want you to show me visually, please","Interpret products of whole numbers, e.g., interpret 5 × 7 as the total number of objects in 5 groups of 7 objects each. For example, describe a context in which a total number of objects can be expre",other,Failed to parse LLM response,conceptual,yes,
12,15,5,"I understand, you'd like to see the process visually. Let's sketch it out together!

First, we have our quadratic equation: \(2x^2 - x - 6\).

We'll start by multiplying the coefficient of \(x^2\) (wh",You are not demonstrating - that is not helpful and not what I asked for.  Please draw the X and show me how to do this.,"Interpret products of whole numbers, e.g., interpret 5 × 7 as the total number of objects in 5 groups of 7 objects each. For example, describe a context in which a total number of objects can be expre",procedural,"The student is frustrated with the teacher's explanation method, but the actual issue is that the student is not following the correct steps of the x-factor technique.",careless,partial,
13,15,6,"I see you're eager to see the X-factor technique in action! Let's draw an X together. 

The top of the X will be the product of the coefficient of \(x^2\) and the constant term. The bottom of the X wi",why are you refusing to demonstrate?,Choose and produce an equivalent form of an expression to reveal and explain properties of the quantity represented by the expression.,procedural,"The student is frustrated because the teacher is not providing a visual demonstration of the X-factor technique, but the teacher is actually trying to guide the student through the process.",procedural,yes,
14,15,7,"I apologize if it seemed like I was refusing. I'm here to guide you through the process. Let's try this again.

We're factoring \(2x^2 - x - 6\) using the X-method. 

1. Draw an X. 
2. At the top of t",-12 and 1,Choose and produce an equivalent form of an expression to reveal and explain properties of the quantity represented by the expression.,procedural,"The student incorrectly filled in the numbers at the top and bottom of the X, not following the correct order of operations or the specific instructions given by the teacher.",conceptual,yes,
15,152,2,"No problem! You're referring to ""parentheses"", those round brackets. You're correct, we should handle them first. We can do this by distributing the 5 to each term inside the parentheses. Can you try ",5-2?,"Apply the properties of operations to generate equivalent expressions. For example, apply the distributive property to the expression 3 (2 + x) to produce the equivalent expression 6 + 3x; apply the d",conceptual,"The student incorrectly applied the distributive property by only considering the subtraction of 2, instead of multiplying 5 by both x and -2.",calculation,yes,
16,152,3,"Almost there! When we distribute, we multiply each term inside the parentheses by the number outside. So, we multiply 5 by \(x\) and 5 by -2. What does that give us?",Ah! 5x-2?,"Apply the properties of operations to generate equivalent expressions. For example, apply the distributive property to the expression 3 (2 + x) to produce the equivalent expression 6 + 3x; apply the d",conceptual,"The student incorrectly applied the distributive property by multiplying 5 by -2 as if it were a subtraction operation, rather than a multiplication operation.",procedural,yes,
17,152,4,"Close, but remember we're multiplying 5 by -2, not subtracting 2 from 5. So, it should be 5x minus what?","Oh I think your confused? I tried to put in ""5 (  \(x\) -2)=35! Sorry!!","Apply the properties of operations to generate equivalent expressions. For example, apply the distributive property to the expression 3 (2 + x) to produce the equivalent expression 6 + 3x; apply the d",conceptual,"The student incorrectly applied the concept of distributing a number to terms inside parentheses, instead of multiplying the number by each term.",other,no,
18,152,5,"No problem at all! We're here to learn together. When we distribute, we multiply the number outside the parentheses (in this case, 5) by each term inside the parentheses. So, we multiply 5 by \(x\) an",Ah! Okay.,"Apply the properties of operations to generate equivalent expressions. For example, apply the distributive property to the expression 3 (2 + x) to produce the equivalent expression 6 + 3x; apply the d",conceptual,"The student failed to understand the concept of distributing the number outside the parentheses to each term inside, leading to a lack of progress in solving the equation.",conceptual,yes,
19,152,6,"That's the spirit! So, if we multiply 5 by \(x\) and 5 by -2, what do we get?","I am not sure what you mean? Can you please say it in other words, please?","Apply the properties of operations to generate equivalent expressions. For example, apply the distributive property to the expression 3 (2 + x) to produce the equivalent expression 6 + 3x; apply the d",conceptual,"The student is struggling to understand the concept of distributing a number to each term inside the parentheses, which is a fundamental property of operations.",calculation,yes,
20,152,7,"Absolutely! Let's break it down. 

When we say ""distribute"", we mean to multiply the number outside the parentheses by each number inside the parentheses. 

So, for our equation, we have 5 outside the",Well 5 x 2 would be 10.,"Apply the properties of operations to generate equivalent expressions. For example, apply the distributive property to the expression 3 (2 + x) to produce the equivalent expression 6 + 3x; apply the d",conceptual,"The student incorrectly assumed that the equation 5 (x-2) = 35 involves multiplying 5 by 2, rather than understanding that the equation requires distributing 5 to each term inside the parentheses.",careless,yes,
21,152,8,"That's correct! But remember, we're multiplying 5 by -2, not 2. So, it should be -10, not 10. Now, can you try to write the whole equation after distributing 5 to \(x\) and -2?","Im sorry! The problem was ""5 (  \(x\) - 2) = 35","Apply the properties of operations to generate equivalent expressions. For example, apply the distributive property to the expression 3 (2 + x) to produce the equivalent expression 6 + 3x; apply the d",conceptual,The student incorrectly repeated the original equation instead of applying the distributive property to generate an equivalent expression.,procedural,yes,
22,152,9,"That's okay! We're here to learn. 

When we distribute, we multiply the number outside the parentheses (5 in this case) by each term inside the parentheses (\(x\) and -2). 

So, we do two multiplicati",not -2,"Apply the properties of operations to generate equivalent expressions. For example, apply the distributive property to the expression 3 (2 + x) to produce the equivalent expression 6 + 3x; apply the d",other,Failed to parse LLM response,conceptual,yes,
23,152,13,That's correct! Adding 10 to both sides of the equation will help us isolate \(x\). Can you do that and tell me what you get?,Never mind,"Solve real-world and mathematical problems by writing and solving equations of the form x + p = q and px = q for cases in which p, q and x are all nonnegative rational numbers.; Solve linear equations",procedural,The student knows the concept of adding 10 to both sides of the equation but fails to apply the correct steps to isolate x.,calculation,yes,
24,152,15,"Ah, a new question! You're asking about the fraction \(\frac{17}{4}\). This is a division problem. Can you try dividing 17 by 4 and tell me what you get?",4,Understand a fraction 1/b as the quantity formed by 1 part when a whole is partitioned into b equal parts; understand a fraction a/b as the quantity formed by a parts of size 1/b.,conceptual,"The student incorrectly interpreted the division of 17 by 4, not considering the result as a quotient and possibly a remainder.",procedural,yes,
25,27,2,"Excellent beginning! You've calculated the total length of line segment XZ. Now, how can we use this information to determine the coordinates of point Y? Keep in mind, XY is 3 times as long as YZ.",I would divide 12.8 by 3 total parts.,Recognize and represent proportional relationships between quantities.; Find the point on a directed line segment between two given points that partitions the segment in a given ratio.,conceptual,"The student misunderstood the concept of proportional relationships and how to apply it to the given problem. They divided the total length by the number of parts, but forgot to consider the ratio bet",conceptual,yes,
26,54,2,"Absolutely correct! You're a whiz at multiplication! Now, let's attempt a slightly larger one. Can you solve \(7 \times 8\)?",46,"Interpret products of whole numbers, e.g., interpret 5 × 7 as the total number of objects in 5 groups of 7 objects each. For example, describe a context in which a total number of objects can be expre",conceptual,"The student incorrectly applied the multiplication concept, as 7 × 8 is a product of two one-digit numbers and should be memorized as 56, not 46.",careless,no,
27,65,1,We're working with inverse trigonometry here! Let's break it down. Can you remember an angle that has a sine value of -1/2?,7pi/6,"Explain how the unit circle in the coordinate plane enables the extension of trigonometric functions to all real numbers, interpreted as radian measures of angles traversed counterclockwise around the",conceptual,"The student incorrectly identified the angle with a sine value of -1/2, which is actually in the third quadrant, where sine is positive.",procedural,yes,
28,49,1,Absolutely! Let's dissect it. What does each digit in 0.9998 stand for?,"Reading from left to right, they represent ten thousandths, thousandths, hundredths, and tenths.","Recognize that in a multi-digit number, a digit in one place represents 10 times as much as it represents in the place to its right and 1/10 of what it represents in the place to its left.; Read, writ",conceptual,"The student incorrectly identified the place value of each digit in the decimal number 0.9998, failing to understand that the digits represent decreasing powers of ten from left to right.",calculation,yes,
29,26,2,"Good job pinpointing the important details! Now, let's consider how we can use this information to solve the problem. We know that the tangent of an angle in a right triangle is the ratio of the oppos","we can calculate the distance from the kayak to the beacon for both times, and subtract the second time from the first. how do we calculate the average velocity at which the kayak moved toward the bea","Understand that by similarity, side ratios in right triangles are properties of the angles in the triangle, leading to definitions of trigonometric ratios for acute angles.; Use trigonometric ratios a",conceptual,"The student incorrectly assumes that calculating the distance from the kayak to the beacon for both times and subtracting the second time from the first will directly provide the average velocity, whi",conceptual,yes,
30,26,3,"Fantastic! Now, let's use the tangent of the angles to calculate the distances. Remember, the tangent of an angle is the opposite side divided by the adjacent side. In this case, the opposite side is ",tan84=x/112 (set the first distance from the kayak to the beacon as x) and tan35=y/112 (set the second distance as y),"Understand that by similarity, side ratios in right triangles are properties of the angles in the triangle, leading to definitions of trigonometric ratios for acute angles.; Use trigonometric ratios a",conceptual,"The student incorrectly used the angles 84 and 35 degrees in the tangent equations, which do not match the initial and final angles of depression provided in the problem.",procedural,yes,
31,116,2,"Excellent! You've nailed the key characteristics of the function. Now, how would you approach plotting this function using these characteristics?",begin by plotting the standard sine function,"Graph functions expressed symbolically and show key features of the graph, by hand in simple cases and using technology for more complicated cases.; Choose trigonometric functions to model periodic ph",conceptual,"The student failed to apply the characteristics of the given function to the plotting process, instead suggesting a generic approach.",calculation,yes,
32,116,3,"You're on the right path! But let's verify the period and phase shift. 

The period of a sine function is usually \(2\pi\), but when there's a coefficient for \(x\), like the 2 in \(2x\), it alters th",the phase shift shifts the function to the left pi/2,"Graph functions expressed symbolically and show key features of the graph, by hand in simple cases and using technology for more complicated cases.; Choose trigonometric functions to model periodic ph",conceptual,"The student incorrectly stated the direction of the phase shift, which should be to the left by π/2, but the student's response implies it's to the left by π/2 units, which is correct but the student'",careless,partial,
33,116,4,"That's correct! The phase shift is \(-\pi / 2\), which shifts the function to the left by \(\pi / 2\). 

Now, let's consider the period. The period of a sine function is usually \(2\pi\), but when the",does it compress it?,"Graph functions expressed symbolically and show key features of the graph, by hand in simple cases and using technology for more complicated cases.; Choose trigonometric functions to model periodic ph",conceptual,"The student correctly identified the phase shift but failed to apply the correct reasoning for the period. They should have understood that a coefficient greater than 1 compresses the graph, resulting",procedural,yes,
34,116,6,"Precisely! The period of our function is \(\pi\), not \(2\pi\). 

So, we have an amplitude of 3, a period of \(\pi\), a phase shift of \(-\pi / 2\), and a vertical shift of 1. 

Now, how would you use","would the points be (-pi/2, 1) (0,2) (pi/2, 1) (pi, 0) (3pi/2, 1) and (2pi, 2)","Graph functions expressed symbolically and show key features of the graph, by hand in simple cases and using technology for more complicated cases.; Choose trigonometric functions to model periodic ph",conceptual,"The student incorrectly applied the period of the function to determine the x-values of the points, not considering that the period is π, which is less than 2π.",conceptual,yes,
35,107,5,"Perfect! Now, let's use this radius to compute the area of the circle. Can you do that?","Yes, I multiplied by pi",Know the formulas for the area and circumference of a circle and use them to solve problems; give an informal derivation of the relationship between the circumference and area of a circle.,procedural,"The student correctly identified the need to calculate the area of the circle but failed to apply the correct formula, specifically squaring the radius.",calculation,yes,
36,103,2,"Correct! The slope \(m\) is indeed 3 and the y-intercept \(b\) is 2. Well done! 

Now, let's proceed to the second problem:

2. Determine the slope and y-intercept of the line represented by the equat",Do you have more challenging ones?,Use similar triangles to explain why the slope m is the same between any two distinct points on a non-vertical line in the coordinate plane; derive the equation y = mx for a line through the origin an,conceptual,"The student failed to recognize that the task was to identify the slope and y-intercept of a given equation, not to ask for more challenging problems.",procedural,yes,
37,117,1,"Absolutely, let's practice right here! Here's a trigonometric identity problem for you:

Confirm the following trigonometric identity:

\(\sin^2(x) + \cos^2(x) = 1\)

What's your first step?",1 = 1,"Prove the Pythagorean identity sin^(2)(θ) + cos^(2)(θ) = 1 and use it to find sin(θ), cos(θ),or tan(θ) given sin(θ), cos(θ), or tan(θ) and the quadrant of the angle.",conceptual,"The student failed to recognize that the task was to demonstrate the simplification of the trigonometric identity, rather than simply stating a true equation.",conceptual,yes,
38,117,2,"Indeed, the equation \(1 = 1\) is true, but we need to demonstrate how the left side of our original equation, \(\sin^2(x) + \cos^2(x)\), simplifies to 1. How can we do that?","well in my class we just use the established rule that sin^2(x) + cos^2(x) = 1. that means we can transform the left side into 1. i already know all the formulas, i want to try applying them. can you ","Prove the Pythagorean identity sin^(2)(θ) + cos^(2)(θ) = 1 and use it to find sin(θ), cos(θ),or tan(θ) given sin(θ), cos(θ), or tan(θ) and the quadrant of the angle.",conceptual,The student is relying on a memorized rule rather than understanding the underlying concept. They are not demonstrating how the left side of the equation simplifies to 1.,careless,yes,
39,117,3,"Ah, I see you're ready for a challenge! Let's try this one:

Confirm the following trigonometric identity:

\(\tan^2(x) + 1 = \sec^2(x)\)

What's your first step?","no i'm looking for the kind of problem where you have a really complex expression on both sides, and then you use trigonometric identities to prove that the two sides are equal","Prove the Pythagorean identity sin^(2)(θ) + cos^(2)(θ) = 1 and use it to find sin(θ), cos(θ),or tan(θ) given sin(θ), cos(θ), or tan(θ) and the quadrant of the angle.",conceptual,"The student misunderstands the purpose of the problem and the concept of trigonometric identities, which is to simplify or prove an equation, not to work with complex expressions.",procedural,yes,
40,137,2,"Alright, let's work through this inequality together. What's the initial step you believe we should take?",add 4 to both sides,"Understand solving an equation or inequality as a process of answering a question: which values from a specified set, if any, make the equation or inequality true? Use substitution to determine whethe",other,Failed to parse LLM response,calculation,yes,
41,137,6,"That's correct! When we divide both sides by \(1/3\), it's the same as multiplying by \(3\). How does the inequality appear now?",1 < 9,"Understand solving an equation or inequality as a process of answering a question: which values from a specified set, if any, make the equation or inequality true? Use substitution to determine whethe",conceptual,"The student incorrectly applied the operation of multiplying both sides by 3, resulting in a misunderstanding of how to isolate x.",conceptual,yes,
42,137,7,"Hmm, not exactly. Remember, we're multiplying both sides by 3. So, \(1/3x * 3\) becomes what?",3/3s,"Understand solving an equation or inequality as a process of answering a question: which values from a specified set, if any, make the equation or inequality true? Use substitution to determine whethe",conceptual,"The student incorrectly applied the multiplication operation, confusing the variable with a constant.",procedural,yes,
43,137,8,"Hmm, not exactly. We're multiplying \(1/3x\) by 3, not 1 by 3. What does \(1/3x * 3\) simplify to?",0?,"Understand solving an equation or inequality as a process of answering a question: which values from a specified set, if any, make the equation or inequality true? Use substitution to determine whethe",conceptual,"The student incorrectly applied the concept of multiplying a fraction by its reciprocal, resulting in a misunderstanding of the operation's effect.",conceptual,yes,
44,137,9,"Hmm, not exactly. Let's think about it. If we have \(1/3\) of something and we multiply it by 3, we get the whole thing back, right? So, \(1/3x * 3\) should give us what?",3x,"Understand solving an equation or inequality as a process of answering a question: which values from a specified set, if any, make the equation or inequality true? Use substitution to determine whethe",conceptual,"The student incorrectly applied the concept of multiplying by the reciprocal to isolate the variable, resulting in an incorrect simplification of the expression.",conceptual,yes,
45,137,16,"That's correct! Now, simplify the right side of the inequality. What do you get?",14!,"Understand solving an equation or inequality as a process of answering a question: which values from a specified set, if any, make the equation or inequality true? Use substitution to determine whethe",calculation,"The student incorrectly calculated the sum of 27 and 13, resulting in an incorrect right side of the inequality.",calculation,yes,
46,114,1,"Interesting, let's dissect this. How do you define the term ""radius"" when referring to a circle and a regular polygon?",the radius is the measurement from the center of the shape to one of its edges,"Distinguish between defining attributes (e.g., triangles are closed and three-sided) versus non-defining attributes (e.g., color, orientation, overall size); build and draw shapes to possess defining ",conceptual,"The student incorrectly defines the radius as a measurement from the center to one of the edges, which is not a standard definition in geometry.",conceptual,yes,
